{"inputUnits":[34],"outputUnits":6,"inputs":{"0":{"dtype":"number","min":306.1055604214798,"max":409.22992394592046},"1":{"dtype":"number","min":112.39451842549246,"max":349.1848956750061},"2":{"dtype":"number","min":308.4790597166069,"max":416.296507839099},"3":{"dtype":"number","min":105.1459417083384,"max":346.199679244817},"4":{"dtype":"number","min":292.0367431640625,"max":404.2065435624772},"5":{"dtype":"number","min":103.69575827038241,"max":341.15807440494285},"6":{"dtype":"number","min":320.4225710857703,"max":435.34092468974194},"7":{"dtype":"number","min":108.73695343848797,"max":346.9519945434095},"8":{"dtype":"number","min":281.2761772838548,"max":399.55148526202845},"9":{"dtype":"number","min":107.94852646408378,"max":348.9859329401751},"10":{"dtype":"number","min":292.72475661934584,"max":448.70852696756447},"11":{"dtype":"number","min":138.7838970733524,"max":426.25625432233403},"12":{"dtype":"number","min":292.235355599845,"max":429.0399229294595},"13":{"dtype":"number","min":139.2233751348948,"max":426.633989504803},"14":{"dtype":"number","min":272.7524438999042,"max":470.7142965710117},"15":{"dtype":"number","min":146.6443476695495,"max":535.3461904562865},"16":{"dtype":"number","min":257.2783711355484,"max":445.56148365777756},"17":{"dtype":"number","min":145.65628586112294,"max":529.0716897096152},"18":{"dtype":"number","min":286.6532286410202,"max":497.94653866541523},"19":{"dtype":"number","min":75.99160843786098,"max":522.7918264188655},"20":{"dtype":"number","min":255.81001964524563,"max":437.39782429854694},"21":{"dtype":"number","min":107.87457180394273,"max":525.3755229549186},"22":{"dtype":"number","min":322.49235665287955,"max":474.7717279218978},"23":{"dtype":"number","min":236.68406653497004,"max":550.3072039533682},"24":{"dtype":"number","min":298.4979924895884,"max":412.01954288705315},"25":{"dtype":"number","min":236.2794407054144,"max":561.9264402278203},"26":{"dtype":"number","min":307.573363307849,"max":480.35816148097416},"27":{"dtype":"number","min":298.6921448466379,"max":510.7220037438062},"28":{"dtype":"number","min":301.0405152317151,"max":431.6352654245577},"29":{"dtype":"number","min":298.6587892524927,"max":510.2717905007448},"30":{"dtype":"number","min":290.1362983911418,"max":475.6791765680573},"31":{"dtype":"number","min":361.46123002939186,"max":555.5021899034077},"32":{"dtype":"number","min":284.8708643338096,"max":430.06674799937684},"33":{"dtype":"number","min":360.625128541939,"max":548.9095730911433}},"outputs":{"0":{"dtype":"string","min":0,"max":1,"uniqueValues":["a","b","c","d","e","f"],"legend":{"a":[1,0,0,0,0,0],"b":[0,1,0,0,0,0],"c":[0,0,1,0,0,0],"d":[0,0,0,1,0,0],"e":[0,0,0,0,1,0],"f":[0,0,0,0,0,1]}}},"isNormalized":true}