{"inputUnits":[34],"outputUnits":6,"inputs":{"0":{"dtype":"number","min":356.7396351335577,"max":576.0389116487614},"1":{"dtype":"number","min":61.57580071386195,"max":345.6365442461541},"2":{"dtype":"number","min":369.71722201150675,"max":583.5940619850901},"3":{"dtype":"number","min":51.18889794739303,"max":334.8870075166457},"4":{"dtype":"number","min":349.3375717897823,"max":566.1433085161424},"5":{"dtype":"number","min":52.2872030503091,"max":333.934178333802},"6":{"dtype":"number","min":376.0346452549737,"max":595.3254375012468},"7":{"dtype":"number","min":58.0619079129705,"max":330.00529457159075},"8":{"dtype":"number","min":338.55002492318357,"max":550.8471801587116},"9":{"dtype":"number","min":59.96772908978889,"max":327.62939939239146},"10":{"dtype":"number","min":404.9361744743377,"max":583.5719182797443},"11":{"dtype":"number","min":108.13423325579453,"max":345.2675015082155},"12":{"dtype":"number","min":334.89079814012877,"max":518.6420631547846},"13":{"dtype":"number","min":110.2622484882518,"max":324.7217320978409},"14":{"dtype":"number","min":422.2233177159083,"max":565.4527499749967},"15":{"dtype":"number","min":87.56996069088984,"max":407.26205806323986},"16":{"dtype":"number","min":308.98519341583847,"max":485.5526458428527},"17":{"dtype":"number","min":120.8667998184026,"max":380.3040922847703},"18":{"dtype":"number","min":389.1259181360326,"max":561.7913775986734},"19":{"dtype":"number","min":42.33454748814208,"max":450.9893991603925},"20":{"dtype":"number","min":286.7019018774366,"max":510.3734532218962},"21":{"dtype":"number","min":73.11172912092988,"max":438.24784876307626},"22":{"dtype":"number","min":386.9800298594315,"max":517.9503642399487},"23":{"dtype":"number","min":223.26079133883525,"max":445.8054329170791},"24":{"dtype":"number","min":345.26758713481024,"max":467.7626753827477},"25":{"dtype":"number","min":222.27774120954223,"max":446.21709320795674},"26":{"dtype":"number","min":360.0289362413874,"max":544.4815265529351},"27":{"dtype":"number","min":289.08492173666156,"max":495.9053262198481},"28":{"dtype":"number","min":305.26873991183265,"max":436.69067097081285},"29":{"dtype":"number","min":291.28657491290613,"max":515.0740526529602},"30":{"dtype":"number","min":379.40965737814105,"max":529.5649419034964},"31":{"dtype":"number","min":396.24189096666026,"max":493.1901055087375},"32":{"dtype":"number","min":242.33482157673816,"max":513.4041448511501},"33":{"dtype":"number","min":375.0635477819331,"max":602.1559425828985}},"outputs":{"0":{"dtype":"string","min":0,"max":1,"uniqueValues":["A","B","C","D","E","F"],"legend":{"A":[1,0,0,0,0,0],"B":[0,1,0,0,0,0],"C":[0,0,1,0,0,0],"D":[0,0,0,1,0,0],"E":[0,0,0,0,1,0],"F":[0,0,0,0,0,1]}}},"isNormalized":true}